cpu,cpu,16,24,1,51846,38314,1.9581,0.69152,101520
cpu,cpu,16,24,2,173773,62551,0.593047,1.0545,204576
cpu,cpu,16,24,3,172364,50380,0.59511,1.44093,307152
cpu,cpu,16,24,4,175805,51658,0.587833,1.41271,410496
cpu,cpu,16,24,5,170143,49688,0.604854,1.46628,513408
cpu,cpu,16,24,6,167493,50646,0.606113,1.39836,614928
cpu,cpu,16,24,7,171485,51145,0.605998,1.42585,718848
cpu,cpu,16,24,8,176750,50434,0.575184,1.44058,820512
cpu,cpu,16,24,9,171322,51107,0.597051,1.40439,922800
cpu,cpu,16,24,10,166485,50768,0.614396,1.40039,1.02509e+06
cpu,cpu,16,24,11,177011,51542,0.57759,1.40602,1.12733e+06
cpu,cpu,16,24,12,167384,50304,0.611098,1.4223,1.22962e+06
cpu,cpu,16,24,13,176885,51696,0.5799,1.40429,1.33219e+06
cpu,cpu,16,24,14,169568,51630,0.609168,1.39151,1.43549e+06
cpu,cpu,16,24,15,174605,50814,0.577028,1.40572,1.53624e+06
cpu,cpu,16,24,16,170064,50941,0.599209,1.40121,1.63814e+06
cpu,cpu,16,24,17,173108,51657,0.591722,1.3912,1.74058e+06
cpu,cpu,16,24,18,170692,48721,0.602908,1.50936,1.84349e+06
cpu,cpu,16,24,19,163647,49458,0.629743,1.45395,1.94654e+06
cpu,cpu,16,24,20,172241,51932,0.599436,1.38869,2.04979e+06
cpu,cpu,16,24,21,168988,49896,0.614668,1.46707,2.15366e+06
cpu,cpu,16,24,22,166695,45431,0.618229,1.65017,2.25672e+06
cpu,cpu,16,24,23,136843,44854,0.747832,1.53369,2.35906e+06
cpu,cpu,16,24,24,156343,47551,0.663771,1.51862,2.46283e+06
cpu,cpu,16,24,25,144789,46598,0.718397,1.51378,2.56685e+06
cpu,cpu,16,24,26,134104,36365,0.76919,2.06734,2.67e+06
cpu,cpu,16,24,27,133717,39800,0.757415,1.78728,2.77128e+06
cpu,cpu,16,24,28,121650,35417,0.845567,2.05878,2.87414e+06
cpu,cpu,16,24,29,118851,38952,0.863064,1.77029,2.97672e+06
cpu,cpu,16,24,30,154785,43232,0.669828,1.72836,3.0804e+06
cpu,cpu,16,24,31,138973,43124,0.734989,1.63357,3.18254e+06
cpu,cpu,16,24,32,134598,43046,0.766367,1.62994,3.2857e+06
cpu,cpu,16,24,33,151589,43870,0.689968,1.69416,3.39029e+06
cpu,cpu,16,24,34,143431,41942,0.716163,1.7329,3.49301e+06
cpu,cpu,16,24,35,137313,36276,0.745623,2.07672,3.59539e+06
cpu,cpu,16,24,36,126511,38238,0.824841,1.90416,3.69974e+06
cpu,cpu,16,24,37,102040,38716,0.994902,1.62726,3.80126e+06
cpu,cpu,16,24,38,145726,40640,0.699611,1.80902,3.90322e+06
cpu,cpu,16,24,39,118920,38660,0.858119,1.78149,4.00526e+06
cpu,cpu,16,24,40,133927,44249,0.766623,1.55369,4.10794e+06
cpu,cpu,16,24,41,123241,40578,0.822581,1.67568,4.20931e+06
cpu,cpu,16,24,42,167914,49119,0.606024,1.46564,4.31107e+06
cpu,cpu,16,24,43,160034,48899,0.646359,1.46899,4.41451e+06
cpu,cpu,16,24,44,165464,48210,0.621669,1.51198,4.51738e+06
cpu,cpu,16,24,45,158774,47066,0.636073,1.50966,4.61837e+06
cpu,cpu,16,24,46,133770,44730,0.76788,1.52853,4.72109e+06
cpu,cpu,16,24,47,159675,48223,0.636392,1.4708,4.8227e+06
cpu,cpu,16,24,48,145622,46011,0.707036,1.53068,4.92566e+06
cpu,cpu,16,24,49,157887,46145,0.637517,1.54376,5.02632e+06
cpu,cpu,16,32,1,27876,19392,3.64576,1.59505,101632
cpu,cpu,16,32,2,66878,32711,1.53592,1.60422,204352
cpu,cpu,16,32,3,104936,36671,0.995957,1.854,308864
cpu,cpu,16,32,4,132544,37952,0.761465,1.89783,409792
cpu,cpu,16,32,5,117348,37840,0.873163,1.83461,512256
cpu,cpu,16,32,6,134686,41306,0.762658,1.72409,614976
cpu,cpu,16,32,7,139620,42246,0.732958,1.68941,717312
cpu,cpu,16,32,8,141137,42363,0.721453,1.6821,819136
cpu,cpu,16,32,9,146391,43409,0.708674,1.68123,922880
cpu,cpu,16,32,10,134536,41279,0.766838,1.73239,1.02605e+06
cpu,cpu,16,32,11,147873,44180,0.69508,1.63139,1.12883e+06
cpu,cpu,16,32,12,147031,44823,0.701672,1.6,1.232e+06
cpu,cpu,16,32,13,150183,45072,0.686095,1.60001,1.33504e+06
cpu,cpu,16,32,14,146041,44484,0.705554,1.61078,1.43808e+06
cpu,cpu,16,32,15,142966,43868,0.714013,1.61293,1.54016e+06
cpu,cpu,16,32,16,149375,43774,0.682521,1.64649,1.64211e+06
cpu,cpu,16,32,17,141261,44225,0.720819,1.58156,1.74394e+06
cpu,cpu,16,32,18,144715,44493,0.713344,1.60679,1.84717e+06
cpu,cpu,16,32,19,152830,44992,0.664579,1.59288,1.94874e+06
cpu,cpu,16,32,20,144224,42222,0.707786,1.7099,2.05082e+06
cpu,cpu,16,32,21,100562,36865,1.00681,1.73963,2.15206e+06
cpu,cpu,16,32,22,124612,41969,0.820718,1.6161,2.25434e+06
cpu,cpu,16,32,23,129299,43416,0.797402,1.57735,2.35744e+06
cpu,cpu,16,32,24,110825,37170,0.922816,1.82858,2.45971e+06
cpu,cpu,16,32,25,92122,26137,1.12268,2.83421,2.56314e+06
cpu,cpu,16,32,26,69358,20133,1.46993,3.59398,2.66509e+06
cpu,cpu,16,32,27,53248,25164,1.8882,2.10734,2.76563e+06
cpu,cpu,16,32,28,106565,26764,0.952506,2.83993,2.86714e+06
cpu,cpu,16,32,29,77161,25720,1.31963,2.6392,2.96896e+06
cpu,cpu,16,32,30,88106,27693,1.16369,2.53857,3.07149e+06
cpu,cpu,16,32,31,84424,25105,1.197,2.82833,3.17254e+06
cpu,cpu,16,32,32,104257,31189,1.00183,2.34696,3.27699e+06
cpu,cpu,16,32,33,121839,33845,0.842027,2.18916,3.37958e+06
cpu,cpu,16,32,34,122617,29765,0.839816,2.6198,3.48256e+06
cpu,cpu,16,32,35,64912,20930,1.5568,3.27142,3.58362e+06
cpu,cpu,16,32,36,93590,31867,1.08045,2.09265,3.68474e+06
cpu,cpu,16,32,37,57831,26543,1.74962,2.06243,3.78592e+06
cpu,cpu,16,32,38,86304,33386,1.18872,1.88413,3.88851e+06
cpu,cpu,16,32,39,123671,40549,0.820756,1.68249,3.99002e+06
cpu,cpu,16,32,40,122175,40512,0.839188,1.69158,4.09254e+06
cpu,cpu,16,32,41,121958,39521,0.839631,1.75139,4.19494e+06
cpu,cpu,16,32,42,105607,33780,0.976299,2.07584,4.29805e+06
cpu,cpu,16,32,43,103016,35510,1.0257,1.94988,4.40371e+06
cpu,cpu,16,32,44,109692,38310,0.938183,1.74809,4.50662e+06
cpu,cpu,16,32,45,113900,39556,0.910272,1.71077,4.6103e+06
cpu,cpu,16,32,46,127088,42162,0.823361,1.65845,4.71494e+06
cpu,cpu,16,32,47,105269,33944,0.965447,2.02862,4.81658e+06
cpu,cpu,16,32,48,99552,32373,1.02282,2.12246,4.9184e+06
cpu,cpu,16,32,49,95308,33141,1.07776,2.02166,5.02112e+06
cpu,cpu,8,48,1,35903,28203,2.84227,0.775994,102048
cpu,cpu,8,48,2,106682,48166,0.947562,1.15115,203136
cpu,cpu,8,48,3,103436,38745,0.977298,1.63173,304224
cpu,cpu,8,48,4,106858,35469,0.946002,1.904,405312
cpu,cpu,8,48,5,89284,33404,1.13113,1.89214,506304
cpu,cpu,8,48,6,82840,34494,1.22259,1.71354,607584
cpu,cpu,8,48,7,113615,37155,0.903259,1.85875,710208
cpu,cpu,8,48,8,80045,31399,1.26168,1.95463,811200
cpu,cpu,8,48,9,84378,33353,1.21624,1.8606,913824
cpu,cpu,8,48,10,90196,34349,1.1282,1.83433,1.01558e+06
cpu,cpu,8,48,11,99463,36334,1.01826,1.76918,1.11686e+06
cpu,cpu,8,48,12,110295,38854,0.91826,1.68836,1.21814e+06
cpu,cpu,8,48,13,79386,30857,1.27337,2.00256,1.31923e+06
cpu,cpu,8,48,14,81086,32215,1.25496,1.90372,1.42099e+06
cpu,cpu,8,48,15,81970,30891,1.23089,2.03526,1.52189e+06
cpu,cpu,8,48,16,101684,36898,0.996962,1.75049,1.62326e+06
cpu,cpu,8,48,17,101800,37423,1.00055,1.72114,1.72512e+06
cpu,cpu,8,48,18,107641,36929,0.947141,1.81358,1.82707e+06
cpu,cpu,8,48,19,105214,37157,0.96717,1.77143,1.92883e+06
cpu,cpu,8,48,20,95737,36758,1.04886,1.68293,2.02925e+06
cpu,cpu,8,48,21,102594,36293,0.98625,1.80168,2.13043e+06
cpu,cpu,8,48,22,95102,33004,1.06697,2.00752,2.2319e+06
cpu,cpu,8,48,23,94588,35606,1.06567,1.76531,2.3327e+06
cpu,cpu,8,48,24,75846,30793,1.33154,1.94809,2.4337e+06
cpu,cpu,8,48,25,88537,32106,1.14717,2.01634,2.53526e+06
cpu,cpu,8,48,26,94516,35590,1.07055,1.77249,2.63645e+06
cpu,cpu,8,48,27,99154,33916,1.02627,1.97401,2.73821e+06
cpu,cpu,8,48,28,99254,37405,1.02234,1.69045,2.83968e+06
cpu,cpu,8,48,29,93023,35553,1.09288,1.76656,2.94134e+06
cpu,cpu,8,48,30,99146,35338,1.01571,1.83401,3.04205e+06
cpu,cpu,8,48,31,101569,34964,0.999985,1.90487,3.14362e+06
cpu,cpu,8,48,32,98385,35825,1.03333,1.8044,3.24528e+06
cpu,cpu,8,48,33,101437,38688,0.992769,1.61019,3.34598e+06
cpu,cpu,8,48,34,94922,34245,1.06799,1.89232,3.44736e+06
cpu,cpu,8,48,35,88722,32307,1.1372,1.98576,3.54826e+06
cpu,cpu,8,48,36,87569,35413,1.16314,1.71303,3.65011e+06
cpu,cpu,8,48,37,94739,35903,1.06903,1.75185,3.75139e+06
cpu,cpu,8,48,38,89852,31620,1.13145,2.08366,3.85306e+06
cpu,cpu,8,48,39,94931,34005,1.06688,1.9115,3.95434e+06
cpu,cpu,8,48,40,86945,32739,1.1715,1.93965,4.05619e+06
cpu,cpu,8,48,41,96640,34532,1.05098,1.89029,4.15776e+06
cpu,cpu,8,48,42,98310,33999,1.02825,1.94496,4.25885e+06
cpu,cpu,8,48,43,77548,25831,1.30354,2.60989,4.35994e+06
cpu,cpu,8,48,44,78954,32117,1.28642,1.876,4.4615e+06
cpu,cpu,8,48,45,80925,32402,1.26102,1.88841,4.56355e+06
cpu,cpu,8,48,46,95336,34226,1.06133,1.89501,4.66474e+06
cpu,cpu,8,48,47,86355,30695,1.17171,2.12468,4.76592e+06
cpu,cpu,8,48,48,71470,28064,1.41977,2.19585,4.86739e+06
cpu,cpu,8,48,49,78293,31069,1.30708,1.98669,4.96973e+06
cpu,cpu,8,48,50,80063,25128,1.2566,2.74718,5.07034e+06
cpu,cpu,12,32,1,45110,32813,2.25581,0.845331,101760
cpu,cpu,12,32,2,135739,52599,0.75816,1.19835,204672
cpu,cpu,12,32,3,135414,41867,0.745324,1.66534,305600
cpu,cpu,12,32,4,137438,42346,0.742734,1.66785,407680
cpu,cpu,12,32,5,132315,42934,0.776327,1.61618,510400
cpu,cpu,12,32,6,128826,41621,0.785925,1.64668,611648
cpu,cpu,12,32,7,131645,42097,0.776876,1.65251,713920
cpu,cpu,12,32,8,129874,42922,0.781556,1.58326,815424
cpu,cpu,12,32,9,133254,42113,0.759811,1.64438,916672
cpu,cpu,12,32,10,114512,39865,0.890869,1.66812,1.01869e+06
cpu,cpu,12,32,11,139543,45203,0.729694,1.52288,1.12051e+06
cpu,cpu,12,32,12,134952,43041,0.749299,1.60007,1.22163e+06
cpu,cpu,12,32,13,139784,44421,0.727522,1.56181,1.32333e+06
cpu,cpu,12,32,14,137609,43561,0.732973,1.58248,1.42419e+06
cpu,cpu,12,32,15,135540,43252,0.747466,1.59486,1.5255e+06
cpu,cpu,12,32,16,127375,41734,0.805431,1.6528,1.6281e+06
cpu,cpu,12,32,17,129866,40368,0.785545,1.74157,1.73011e+06
cpu,cpu,12,32,18,124212,39416,0.823364,1.77126,1.83238e+06
cpu,cpu,12,32,19,125500,41852,0.828684,1.65625,1.93638e+06
cpu,cpu,12,32,20,136957,43053,0.738332,1.61035,2.0375e+06
cpu,cpu,12,32,21,146274,45971,0.694364,1.51499,2.13907e+06
cpu,cpu,12,32,22,150819,45609,0.672166,1.55053,2.24045e+06
cpu,cpu,12,32,23,125004,41434,0.805858,1.62537,2.34118e+06
cpu,cpu,12,32,24,125432,39430,0.805663,1.75723,2.44224e+06
cpu,cpu,12,32,25,140323,43464,0.724271,1.61402,2.54387e+06
cpu,cpu,12,32,26,131295,40134,0.769198,1.74714,2.64486e+06
cpu,cpu,12,32,27,144772,43365,0.703338,1.6447,2.74669e+06
cpu,cpu,12,32,28,151969,45631,0.669189,1.55946,2.84838e+06
cpu,cpu,12,32,29,142303,44498,0.71599,1.57371,2.95027e+06
cpu,cpu,12,32,30,134651,42925,0.748598,1.59963,3.05107e+06
cpu,cpu,12,32,31,137448,43925,0.733832,1.56241,3.15194e+06
cpu,cpu,12,32,32,133691,43670,0.765942,1.57887,3.25434e+06
cpu,cpu,12,32,33,142754,44032,0.707453,1.58615,3.35533e+06
cpu,cpu,12,32,34,136993,44083,0.750752,1.58228,3.45818e+06
cpu,cpu,12,32,35,140776,44044,0.719664,1.58053,3.55949e+06
cpu,cpu,12,32,36,134363,43850,0.759254,1.56717,3.6615e+06
cpu,cpu,12,32,37,147569,47235,0.694779,1.47578,3.76403e+06
cpu,cpu,12,32,38,147865,45699,0.685164,1.53175,3.86534e+06
cpu,cpu,12,32,39,144599,45543,0.705507,1.53446,3.96736e+06
cpu,cpu,12,32,40,144587,45512,0.703794,1.53207,4.06912e+06
cpu,cpu,12,32,41,121910,40734,0.841013,1.67597,4.17165e+06
cpu,cpu,12,32,42,125306,42592,0.816173,1.585,4.27392e+06
cpu,cpu,12,32,43,132633,42895,0.759988,1.58989,4.37472e+06
cpu,cpu,12,32,44,133237,43916,0.756064,1.53772,4.47546e+06
cpu,cpu,12,32,45,135105,42373,0.749872,1.64108,4.57677e+06
cpu,cpu,12,32,46,126812,43231,0.802446,1.55138,4.67853e+06
cpu,cpu,12,32,47,131268,43407,0.767892,1.55428,4.77933e+06
cpu,cpu,12,32,48,134406,44047,0.755676,1.55022,4.8809e+06
cpu,cpu,12,32,49,127751,43837,0.797047,1.52573,4.98272e+06
cpu,cpu,12,32,50,144879,45250,0.695307,1.53088,5.08346e+06
cu128,cuda,16,24,1,0,18321,11055,5.53856,3.63979,101472
cu128,cuda,16,24,2,0,74944,70172,1.34692,0.0915878,202416
cu128,cuda,16,24,3,0,73380,65963,1.37627,0.154759,303408
cu128,cuda,16,24,4,0,73883,66655,1.36756,0.148299,404448
cu128,cuda,16,24,5,0,75012,66865,1.34633,0.164035,505440
cu128,cuda,16,24,6,0,71487,64544,1.41204,0.151898,606384
cu128,cuda,16,24,7,0,74840,67152,1.34366,0.153839,706944
cu128,cuda,16,24,8,0,73105,65627,1.37621,0.156801,807552
cu128,cuda,16,24,9,0,74533,66876,1.35112,0.154705,908256
cu128,cuda,16,24,10,0,73789,66204,1.36085,0.155905,1.00867e+06
cu128,cuda,16,24,11,0,74803,67186,1.34112,0.152044,1.10899e+06
cu128,cuda,16,24,12,0,73991,66446,1.35519,0.153869,1.20926e+06
cu128,cuda,16,24,13,0,72701,65475,1.38056,0.15234,1.30963e+06
cu128,cuda,16,24,14,0,69947,63125,1.43833,0.155442,1.41024e+06
cu128,cuda,16,24,15,0,71272,64347,1.41766,0.152561,1.51128e+06
cu128,cuda,16,48,1,0,29165,26343,3.52857,0.378022,102912
cu128,cuda,16,48,2,0,124979,112403,0.826505,0.0924671,206208
cu128,cuda,16,48,3,0,122153,102888,0.831477,0.155691,307776
cu128,cuda,16,48,4,0,129308,108246,0.787699,0.153262,409632
cu128,cuda,16,48,5,0,119720,100522,0.846774,0.161715,511008
cu128,cuda,16,48,6,0,122618,103308,0.830675,0.155268,612864
cu128,cuda,16,48,7,0,127063,106627,0.808414,0.154936,715584
cu128,cuda,16,48,8,0,125455,105356,0.809593,0.154446,817152
cu128,cuda,16,48,9,0,127001,106273,0.802765,0.156568,919104
cu128,cuda,16,48,10,0,124185,104474,0.826379,0.155909,1.02173e+06
cu128,cuda,16,48,11,0,127913,106156,0.793283,0.162584,1.1232e+06
cu128,cuda,16,48,12,0,124802,104279,0.823059,0.161982,1.22592e+06
cu128,cuda,16,48,13,0,123934,103923,0.825724,0.159,1.32826e+06
cu128,cuda,16,48,14,0,127836,106381,0.793766,0.160086,1.42973e+06
cu128,cuda,16,48,15,0,127854,106319,0.798155,0.161671,1.53178e+06
cu128,cuda,16,48,16,0,125158,104948,0.824554,0.158788,1.63498e+06
cu128,cuda,16,48,17,0,127331,106360,0.800683,0.157867,1.73693e+06
cu128,cuda,16,48,18,0,124523,103820,0.827218,0.164959,1.83994e+06
cu128,cuda,16,48,19,0,119537,101003,0.845661,0.15518,1.94102e+06
cu128,cuda,16,48,20,0,124035,104069,0.822735,0.157838,2.04307e+06
cu128,cuda,12,32,1,0,38326,33595,2.63507,0.371078,100992
cu128,cuda,12,32,2,0,98297,90529,1.04434,0.0896078,203648
cu128,cuda,12,32,3,0,96988,84684,1.04524,0.151863,305024
cu128,cuda,12,32,4,0,98945,86113,1.02457,0.152672,406400
cu128,cuda,12,32,5,0,96453,83658,1.04905,0.160445,507584
cu128,cuda,12,32,6,0,98433,85560,1.02274,0.153873,608256
cu128,cuda,12,32,7,0,97172,84457,1.03338,0.155575,708672
cu128,cuda,12,32,8,0,100358,87000,1.01014,0.155102,810048
cu128,cuda,12,32,9,0,98576,85543,1.0232,0.15589,910912
cu128,cuda,12,32,10,0,98923,85560,1.01703,0.158841,1.01152e+06
cu128,cuda,12,32,11,0,97157,84648,1.03749,0.153317,1.11232e+06
cu128,cuda,12,32,12,0,96325,84121,1.05442,0.152977,1.21389e+06
cu128,cuda,12,32,13,0,97759,85072,1.02783,0.153275,1.31437e+06
cu128,cuda,12,32,14,0,98568,85758,1.03043,0.153924,1.41594e+06
cu128,cuda,12,32,15,0,98505,85661,1.02849,0.154205,1.51725e+06
cu128,cuda,12,32,16,0,95970,83786,1.05366,0.153217,1.61837e+06
cu128,cuda,12,32,17,0,97493,85020,1.03588,0.151968,1.71936e+06
cu128,cuda,12,32,18,0,96365,83367,1.05466,0.164426,1.82099e+06
cu128,cuda,12,32,19,0,94272,82390,1.07603,0.155184,1.92243e+06
cu128,cuda,12,32,20,0,96052,83724,1.05942,0.155996,2.02419e+06
cu128,cuda,8,48,1,0,37792,33122,2.66723,0.376057,100800
cu128,cuda,8,48,2,0,121414,109362,0.831005,0.0915825,201696
cu128,cuda,8,48,3,0,114833,97826,0.878625,0.152749,302592
cu128,cuda,8,48,4,0,125721,106274,0.807116,0.147697,404064
cu128,cuda,8,48,5,0,117766,99021,0.860824,0.162952,505440
cu128,cuda,8,48,6,0,116863,99118,0.865011,0.15486,606528
cu128,cuda,8,48,7,0,123889,104335,0.81828,0.153359,707904
cu128,cuda,8,48,8,0,120067,101176,0.840329,0.156899,808800
cu128,cuda,8,48,9,0,117710,99758,0.854708,0.153809,909408
cu128,cuda,8,48,10,0,118731,100743,0.8611,0.153754,1.01165e+06
cu128,cuda,8,48,11,0,120348,101577,0.837568,0.154779,1.11245e+06
cu128,cuda,8,48,12,0,121897,102621,0.828497,0.15562,1.21344e+06
cu128,cuda,8,48,13,0,121740,102822,0.833511,0.153357,1.31491e+06
cu128,cuda,8,48,14,0,119303,100928,0.856168,0.155879,1.41706e+06
cu128,cuda,8,48,15,0,119326,100949,0.844743,0.153775,1.51786e+06
cu128,cuda,8,48,16,0,125366,105108,0.802512,0.154669,1.61846e+06
cu128,cuda,8,48,17,0,121974,102714,0.833483,0.156287,1.72013e+06
cu128,cuda,8,48,18,0,125581,105529,0.803431,0.152664,1.82102e+06
cu128,cuda,8,48,19,0,120550,101898,0.848111,0.155237,1.92326e+06
cu128,cuda,8,48,20,0,120780,101828,0.831391,0.154733,2.02368e+06
cu128,cuda,16,64,1,0,25428,23305,4.20812,0.383434,107008
cu128,cuda,16,64,2,0,150766,132653,0.681743,0.0930896,209792
cu128,cuda,16,64,3,0,153042,123005,0.662405,0.161752,311168
cu128,cuda,16,64,4,0,146650,119674,0.700002,0.157792,413824
cu128,cuda,16,64,5,0,146702,118477,0.703245,0.16754,516992
cu128,cuda,16,64,6,0,130401,107965,0.796064,0.165426,620800
cu128,cuda,16,64,7,0,149200,120982,0.69233,0.161478,724096
cu128,cuda,16,64,8,0,147646,120101,0.703085,0.16125,827904
cu128,cuda,16,64,9,0,142149,114935,0.72037,0.170566,930304
cu128,cuda,16,64,10,0,147592,119834,0.696403,0.161314,1.03309e+06
cu128,cuda,16,64,11,0,138158,112991,0.745809,0.166114,1.13613e+06
cu128,cuda,16,64,12,0,143983,117314,0.702304,0.159655,1.23725e+06
cu128,cuda,16,64,13,0,146573,118396,0.698625,0.166262,1.33965e+06
cu128,cuda,16,64,14,0,139878,114216,0.734812,0.165092,1.44243e+06
cu128,cuda,16,64,15,0,151205,122864,0.675533,0.155819,1.54458e+06
cu128,cuda,16,64,16,0,144112,118066,0.712334,0.157143,1.64723e+06
cu128,cuda,16,64,17,0,143404,117657,0.715851,0.156644,1.74989e+06
cu128,cuda,16,64,18,0,141413,115641,0.725926,0.161784,1.85254e+06
cu128,cuda,16,64,19,0,148251,120399,0.697624,0.161383,1.95597e+06
cu128,cuda,16,64,20,0,138124,113692,0.73858,0.158717,2.05798e+06
cu128,cuda,16,96,1,0,16138,14934,6.43614,0.518822,103872
cu128,cuda,16,96,2,0,141244,123935,0.793859,0.110868,216000
cu128,cuda,16,96,3,0,116471,94993,0.913255,0.206485,322368
cu128,cuda,16,96,4,0,114548,93164,0.910148,0.20891,426624
cu128,cuda,16,96,5,0,107577,88746,0.981617,0.208296,532224
cu128,cuda,16,96,6,0,126522,102356,0.82553,0.1949,636672
cu128,cuda,16,96,7,0,136670,110276,0.761423,0.182245,740736
cu128,cuda,16,96,8,0,132140,110350,0.804962,0.158949,847104
cu128,cuda,16,96,9,0,138191,114865,0.765546,0.155464,952896
cu128,cuda,16,96,10,0,134570,110099,0.776159,0.172511,1.05734e+06
cu128,cuda,16,96,11,0,130345,106333,0.791006,0.178626,1.16045e+06
cu128,cuda,16,96,12,0,134559,109710,0.803334,0.181953,1.26854e+06
cu128,cuda,16,96,13,0,131345,106853,0.806913,0.184949,1.37453e+06
cu128,cuda,16,96,14,0,139424,110690,0.742249,0.192678,1.47802e+06
cu128,cuda,16,96,15,0,148925,121274,0.70779,0.161378,1.58342e+06
cu128,cuda,16,96,16,0,135938,112748,0.800832,0.164718,1.69229e+06
cu128,cuda,16,96,17,0,148665,117880,0.707734,0.184828,1.7975e+06
cu128,cuda,16,96,18,0,146994,117608,0.732764,0.183087,1.90522e+06
cu128,cuda,16,96,19,0,127122,105104,0.830693,0.17402,2.01082e+06
cu128,cuda,16,128,1,0,12843,12088,8.13234,0.508252,104448
cu128,cuda,16,128,2,0,145060,126613,0.72709,0.105937,209920
cu128,cuda,16,128,3,0,156612,126596,0.681632,0.161614,316672
cu128,cuda,16,128,4,0,143965,115313,0.725507,0.180267,421120
cu128,cuda,16,128,5,0,147533,118442,0.730518,0.179423,528896
cu128,cuda,16,128,6,0,139771,115252,0.763763,0.162483,635648
cu128,cuda,16,128,7,0,142385,116565,0.735357,0.162883,740352
cu128,cuda,16,128,8,0,142269,117170,0.764745,0.163816,849152
cu128,cuda,16,128,9,0,136520,112730,0.776322,0.16383,955136
cu128,cuda,16,128,10,0,129821,107000,0.804552,0.171595,1.05958e+06
cu128,cuda,16,128,11,0,135246,110934,0.777956,0.170495,1.1648e+06
cu128,cuda,16,128,12,0,129954,107412,0.81358,0.170737,1.27053e+06
cu128,cuda,16,128,13,0,137105,110689,0.784216,0.187149,1.37805e+06
cu128,cuda,16,128,14,0,135468,112540,0.771012,0.157084,1.4825e+06
cu128,cuda,16,128,15,0,136545,112718,0.808054,0.170812,1.59283e+06
cu128,cuda,16,128,16,0,129303,107125,0.811731,0.168057,1.69779e+06
cu128,cuda,16,128,17,0,139829,114666,0.752458,0.165123,1.80301e+06
cu128,cuda,16,128,18,0,137270,113475,0.762755,0.15995,1.90771e+06
cu128,cuda,16,128,19,0,142316,116513,0.744707,0.164922,2.0137e+06
cpu,cpu,16,64,1,0,25872,21432,4.14088,0.857838,107136
cpu,cpu,16,64,2,0,154550,54786,0.67499,1.22913,211456
cpu,cpu,16,64,3,0,157266,47904,0.655195,1.49575,314496
cpu,cpu,16,64,4,0,156273,46724,0.660175,1.54781,417664
cpu,cpu,16,64,5,0,154414,46892,0.662323,1.51867,519936
cpu,cpu,16,64,6,0,147303,46099,0.700378,1.53757,623104
cpu,cpu,16,64,7,0,146662,47715,0.718276,1.48947,728448
cpu,cpu,16,64,8,0,152985,47970,0.671854,1.47082,831232
cpu,cpu,16,64,9,0,157689,48093,0.660742,1.50569,935424
cpu,cpu,16,64,10,0,154825,47725,0.664696,1.49162,1.03834e+06
cpu,cpu,16,64,11,0,161481,48623,0.638882,1.48287,1.1415e+06
cpu,cpu,16,64,12,0,156157,46804,0.664765,1.55314,1.24531e+06
cpu,cpu,16,64,13,0,155554,48082,0.657469,1.46955,1.34758e+06
cpu,cpu,16,64,14,0,151905,47536,0.681688,1.49666,1.45114e+06
cpu,cpu,16,64,15,0,148486,46725,0.690486,1.50376,1.55366e+06
cpu,cpu,16,64,16,0,156573,48447,0.661365,1.47605,1.65722e+06
cpu,cpu,16,64,17,0,139331,46321,0.749638,1.50523,1.76166e+06
cpu,cpu,16,64,18,0,161340,48224,0.641028,1.50362,1.86509e+06
cpu,cpu,16,64,19,0,155487,48296,0.664337,1.47445,1.96838e+06
cpu,cpu,16,64,20,0,160453,47884,0.641382,1.50781,2.0713e+06
cpu,cpu,16,64,21,0,153167,47120,0.676908,1.52343,2.17498e+06
cpu,cpu,16,64,22,0,152467,48270,0.685891,1.48056,2.27955e+06
cpu,cpu,16,64,23,0,153721,45818,0.665307,1.56682,2.38182e+06
cpu,cpu,16,64,24,0,142270,46453,0.729652,1.50503,2.48563e+06
cpu,cpu,16,64,25,0,144404,43870,0.706462,1.61894,2.58765e+06
cpu,cpu,16,64,26,0,153811,46119,0.669909,1.56427,2.69069e+06
cpu,cpu,16,64,27,0,150026,47227,0.689373,1.50052,2.79411e+06
cpu,cpu,16,64,28,0,156238,46023,0.674253,1.61468,2.89946e+06
cpu,cpu,16,64,29,0,154649,46911,0.65966,1.51499,3.00147e+06
cu128+cdl,cuda,16,64,1,1,5868,5868,4.54418,0.558823,100736
cu128+cdl,cuda,16,64,2,1,89037,89037,0.669377,0.110598,202752
cu128+cdl,cuda,16,64,3,1,151102,111697,0.672604,0.237286,304384
cu128+cdl,cuda,16,64,4,1,130737,118871,0.646359,0.199997,404992
cu128+cdl,cuda,16,64,5,1,127212,106812,0.740863,0.216623,507264
cu128+cdl,cuda,16,64,6,1,126717,113307,0.721636,0.184362,609920
cu128+cdl,cuda,16,64,7,1,127433,108002,0.752259,0.201794,712960
cu128+cdl,cuda,16,64,8,1,134560,117249,0.698102,0.186169,816640
cu128+cdl,cuda,16,64,9,1,131771,113826,0.719444,0.18017,919040
cu128+cdl,cuda,16,64,10,1,139409,119965,0.685313,0.176804,1.02246e+06
cu128+cdl,cuda,16,64,11,1,139005,120529,0.694315,0.1712,1.12678e+06
cu128+cdl,cuda,16,64,12,1,139269,119427,0.704645,0.173145,1.23162e+06
cu128+cdl,cuda,16,64,13,1,136849,115668,0.696043,0.185925,1.33363e+06
cu128+cdl,cuda,16,64,14,1,132424,113710,0.707467,0.189689,1.43565e+06
cu128+cdl,cuda,16,64,15,1,133375,114255,0.711795,0.19116,1.53882e+06
cu128+cdl,cuda,16,64,16,1,130483,114907,0.71269,0.176233,1.64096e+06
cu128+cdl,cuda,16,64,17,1,138101,117056,0.690937,0.179482,1.74285e+06
cu128+cdl,cuda,16,64,18,1,139413,115728,0.680805,0.20513,1.84538e+06
cu128+cdl,cuda,16,64,19,1,131172,116736,0.697608,0.176296,1.94739e+06
cu128+cdl,cuda,16,64,20,1,142074,120189,0.66921,0.179582,2.04941e+06
